emp_no,first_name,last_name,title
10095,Hilari,Morton,Senior Staff
10122,Ohad,Esposito,Technique Leader
10291,Dipayan,Seghrouchni,Senior Staff
10476,Kokou,Iisaka,Senior Staff
10663,Teunis,Noriega,Technique Leader
10762,Lech,Himler,Senior Staff
10933,Juyoung,Seghrouchni,Senior Engineer
12155,Keiichiro,Glinert,Engineer
12408,Rasiah,Sudkamp,Senior Engineer
12643,Morrie,Schurmann,Staff
13499,Kazuhiko,Sidou,Technique Leader
14075,Denny,Tchuente,Assistant Engineer
14104,Sudhanshu,Demian,Senior Staff
14127,Magdalena,Cannard,Engineer
14158,Caolyn,Setiz,Senior Staff
14476,Sastry,Marrevee,Engineer
14907,Nakhoon,Luga,Senior Staff
15050,Nikolaos,Kruskal,Engineer
15058,Bouchung,Bugrara,Senior Staff
15413,Arvin,Rabejac,Engineer
16461,Remmert,Schahn,Senior Staff
16528,Gaurav,Swick,Assistant Engineer
17013,Morris,Garigliano,Senior Staff
17206,Berry,DeMori,Engineer
17369,Yaghout,Kenevan,Engineer
17447,Zengping,Boreale,Staff
17731,Gennady,Roison,Assistant Engineer
17970,Filipp,Carrere,Technique Leader
17988,Mabhin,Calkin,Engineer
18021,Adil,Matzke,Engineer
18424,Filipp,Rousseau,Engineer
18583,Stafford,Honglei,Staff
18617,Surveyors,Crouzet,Senior Staff
18810,Taiji,Jarecki,Engineer
19236,Elzbieta,Morris,Engineer
19350,Satoru,Yoshizawa,Senior Staff
19803,Ziva,Kowalchuk,Engineer
20100,Utz,Heuter,Senior Staff
20128,Kazunori,Peak,Senior Staff
20129,Rafael,Skafidas,Engineer
20248,Vidar,Demri,Staff
20313,Candida,Benveniste,Engineer
20500,Christoph,Trystram,Senior Staff
20885,Otmar,Rothenberg,Engineer
21181,Jianhui,Cangellaris,Assistant Engineer
21188,Piyush,Danecki,Engineer
21546,Yongmin,Lanteri,Senior Staff
21843,Karsten,Azadmanesh,Senior Engineer
21909,Mohammed,Brizzi,Senior Staff
22185,Huai,Birch,Assistant Engineer
22415,Perla,Jumpertz,Senior Staff
22451,Jasminko,Bresenham,Senior Staff
22455,Barry,Unno,Senior Staff
22926,Manibrata,Genther,Engineer
23396,Hilari,Fairtlough,Technique Leader
24080,Jaana,Perez,Technique Leader
24205,Roddy,Rubsam,Senior Engineer
24377,Lubomir,Wroclawski,Engineer
24394,Zhonghui,Conta,Staff
24553,Anwar,Passafiume,Senior Staff
24571,Cordelia,Gischer,Engineer
25488,Ingmar,Basawa,Senior Staff
26629,Nevin,Rodham,Senior Staff
26671,Jiakeng,Kalorkoti,Engineer
26788,Zongyan,Dalphin,Engineer
27331,Wanqing,Krohm,Senior Staff
27378,Piyawadee,Leppanen,Senior Staff
27620,Shuji,Kandlur,Engineer
27686,Manu,Rosiles,Senior Staff
27699,Falguni,Pezzoli,Engineer
27767,Tooru,Veldwijk,Senior Staff
28193,Xinglin,Mitsuhashi,Engineer
28974,Chenxi,Sundgren,Senior Engineer
28988,Tua,Giveon,Technique Leader
29130,Xumin,Thorensen,Staff
29265,Gilbert,Calkin,Senior Staff
29380,Satoru,Vidal,Assistant Engineer
29418,Valery,Mersereau,Assistant Engineer
29679,Kolar,Steenbeek,Senior Engineer
29782,Jouko,Hellwagner,Senior Engineer
29954,Pranay,Giarratana,Senior Engineer
30007,Kousuke,Vecchio,Engineer
30035,Tetsushi,Conta,Senior Staff
30154,Mayuko,Skafidas,Technique Leader
30182,Leon,Potthoff,Engineer
30465,Randi,Avouris,Engineer
30484,Sailaja,Chvatal,Staff
30695,Gudjon,Majewski,Senior Engineer
30938,Yakkov,Samarati,Senior Staff
31147,Divine,Sidhu,Senior Staff
31188,Leandro,Gist,Technique Leader
31207,Abdelwaheb,Dulin,Senior Engineer
31341,Oksana,Zultner,Senior Staff
31514,Harngdar,Schapire,Engineer
31568,Mark,Lalonde,Staff
31909,Murthy,Peek,Engineer
32347,Terresa,Peres,Senior Staff
32552,Atreye,Stanger,Assistant Engineer
32649,Ingmar,Nannarelli,Senior Staff
32714,Radoslaw,Maliniak,Staff
32844,Tadahiko,Melton,Engineer
33025,Jessie,Thorelli,Senior Staff
33215,Steen,Fasbender,Technique Leader
33722,Anwar,Collette,Senior Engineer
34077,Angel,Sichman,Senior Staff
34261,Kyoichi,Callaway,Senior Staff
34446,Chinhyun,Bauknecht,Senior Engineer
34452,Naftaly,Foong,Engineer
34505,Felicidad,Kumaresan,Senior Staff
34533,Erzsebet,Shigei,Senior Engineer
34780,Moni,Kohling,Staff
34788,Ennio,Babu,Senior Engineer
34936,Bokyung,Stamatiou,Technique Leader
35044,Jiang,Waschkowski,Engineer
35087,Leif,Ashish,Senior Staff
35441,Chandrasekaran,Peek,Engineer
35642,Ashish,Talmon,Engineer
35793,Oscar,Kusalik,Senior Staff
35798,Ulf,Oberman,Senior Engineer
36521,Serif,Gladwell,Senior Staff
36626,Fen,Genin,Senior Staff
36733,Uma,Reinhard,Staff
36844,Hailing,Levergood,Staff
36982,Kotesh,Rajala,Engineer
37070,Jeong,Undy,Senior Staff
37945,Suzette,Butterworth,Senior Engineer
38043,Michaela,Randi,Engineer
38103,Masasuke,Babu,Engineer
38168,Fumiko,Deverell,Senior Staff
38550,JoAnne,Baez,Senior Engineer
38593,Huei,Orsini,Engineer
38947,Shuichi,Ruemmler,Senior Staff
39000,Martijn,Vendrig,Senior Staff
39036,Changho,Cappelli,Staff
39301,Rimon,Kawashima,Senior Staff
39341,Mahmut,Lampe,Engineer
39952,Otmar,Sudbeck,Staff
40269,Toshiki,Ghazalie,Senior Staff
40283,Sudhanshu,Boissier,Engineer
40301,Spyrose,Felder,Senior Engineer
40536,Harngdar,Bernardinello,Engineer
40765,Michaela,Ramsak,Senior Staff
40773,Shimshon,Aingworth,Senior Staff
40983,Marla,Cherinka,Technique Leader
41114,Petter,Thummel,Technique Leader
41137,Bikash,Buchter,Senior Staff
41357,Willard,Vernadat,Engineer
41518,Keung,Schapiro,Senior Engineer
41520,Xiong,Uhrik,Senior Engineer
41609,Yucai,Simmen,Senior Staff
42778,Shuji,Remmers,Senior Staff
42911,Brigham,Eterovic,Engineer
42950,Shaleah,Eickenmeyer,Senior Staff
42955,Yucel,Lortz,Engineer
43154,Maha,Waterhouse,Senior Staff
43733,Huei,Boguraev,Senior Staff
43848,Phillip,Oxenboll,Engineer
44054,Alenka,Ritcey,Engineer
44265,Maria,Eppinger,Engineer
44540,Mingzeng,Sadowski,Senior Engineer
44900,Mark,Schwaller,Senior Staff
44959,Volkmar,Uhrik,Engineer
44962,Sariel,Wynblatt,Assistant Engineer
45162,Dulce,Speel,Engineer
46000,Zhaofang,Penn,Senior Staff
46328,Wuxu,Trogemann,Senior Staff
46811,Junsik,Berendt,Senior Engineer
46834,Tooru,Daescu,Senior Staff
46943,Pasqua,Maraist,Engineer
47016,Toong,Litecky,Senior Staff
47139,Marco,Usdin,Engineer
47262,Gonzalo,Binkley,Engineer
47515,Naraig,Jenevein,Senior Engineer
47702,Juyoung,Vieri,Senior Staff
47708,Edwin,Haldar,Senior Staff
48275,Sariel,Massonet,Senior Staff
48690,Hitomi,Schaap,Staff
48882,Leen,Lamparter,Engineer
48904,Yuichiro,Malabarba,Senior Staff
48947,Filipp,Akaboshi,Senior Staff
49010,Kazuhisa,Benantar,Senior Staff
49017,Filipp,Flanders,Engineer
49119,Lena,Peek,Engineer
49177,Tze,Bach,Engineer
49464,Siddarth,Cappelletti,Staff
49477,Baocai,Leaver,Senior Staff
50293,Xinan,Rindone,Engineer
50311,Mooi,Stafford,Senior Engineer
50453,Aron,Harbusch,Staff
50670,Boguslaw,Snedden,Senior Staff
50831,Marie,Khalid,Senior Engineer
51036,Chriss,Fasbender,Staff
51057,Theirry,Albarhamtoshy,Senior Staff
51060,Youngkon,Rohrbach,Engineer
51142,Rosine,Lakshmanan,Engineer
52038,Chikako,Armand,Senior Engineer
52040,Phule,Heijenga,Senior Staff
52283,Trygve,Krupka,Senior Staff
52386,Adas,Denti,Senior Staff
52590,Jouni,Munoz,Senior Staff
52599,Augustine,Mungall,Engineer
52639,Arup,Colorni,Senior Staff
52770,Shugo,Yurek,Senior Staff
52778,Alain,Penn,Technique Leader
52956,Khalil,Picci,Engineer
52970,Lobel,Werthner,Engineer
53278,Premsyl,Lortz,Senior Staff
53314,Eberhardt,Carrera,Staff
53431,Sham,Vasanthakumar,Senior Staff
53499,Zdislav,Mandelberg,Engineer
53597,Jiafu,Marchegay,Engineer
53874,Bodo,Schade,Senior Staff
53924,Arnould,Gaughan,Engineer
54198,Shaowen,Segond,Engineer
54632,Etsuo,Serot,Senior Staff
54795,Sumant,Nergos,Senior Staff
54800,Breannda,Cangellaris,Staff
55640,Adit,Syrotiuk,Engineer
55687,Shih,Lindqvist,Senior Engineer
55799,Jianwen,Litzler,Engineer
55857,Adin,Scallan,Senior Staff
56105,Makato,Remmers,Engineer
56209,Remzi,Douceur,Engineer
56415,Sigeru,Nivat,Senior Staff
56428,Olivera,Hanabata,Senior Staff
56682,Roded,Picco,Assistant Engineer
56829,Nagui,Gruenwald,Engineer
56847,Menkae,Chinin,Senior Engineer
57934,Sanjoy,Boudaillier,Engineer
58141,Bezalel,Karner,Staff
58147,Shigenori,Sullins,Senior Staff
58384,Mariusz,Vural,Engineer
58454,Ziya,Zambonelli,Engineer
58497,Yechiam,Cairo,Senior Staff
58819,Gennady,Liesche,Senior Staff
58990,Palash,Trelles,Engineer
59195,Ronnie,Pollock,Technique Leader
59640,Zita,Hiltgen,Staff
59869,Zsolt,Riefers,Senior Staff
59966,Steen,Salvesen,Technique Leader
60000,Heekeun,Emmart,Assistant Engineer
60091,Surveyors,Bade,Senior Staff
60238,Erzsebet,Claffy,Staff
60559,Jeanna,Stemann,Engineer
60821,Moty,Mersereau,Senior Staff
60845,Bedir,Siegrist,Engineer
60875,Rildo,Masaki,Engineer
60959,Tetsushi,Sridhar,Senior Staff
61147,Leszek,Werthner,Staff
61253,Cheong,Uhrik,Engineer
61377,Dannz,Ohori,Senior Staff
61541,Kasidit,Papsdorf,Engineer
61873,Woody,Rusmann,Assistant Engineer
62033,Heeju,Cappelli,Engineer
62046,Karlis,Nanard,Engineer
62245,Adel,Bressoud,Engineer
63294,Tetsushi,Tanemo,Engineer
63419,Hiroyasu,Seuren,Senior Engineer
63441,Hinrich,Scallan,Staff
63566,Heekeun,Slaats,Senior Staff
63631,Falguni,Cherinka,Senior Engineer
63706,Sedat,Itzigehl,Engineer
64023,Laurentiu,Benzmuller,Senior Engineer
64209,Golgen,Schoegge,Senior Staff
64487,Tsutomu,Rebaine,Engineer
64532,Atilio,Segond,Engineer
64632,Zsolt,Brender,Senior Staff
64790,Shin,Piveteau,Engineer
64828,Krister,Pappas,Staff
64984,Eldridge,Eldridge,Engineer
65171,Jeane,Tasistro,Technique Leader
65539,Aksel,Picaronny,Engineer
65883,Patricia,Pepe,Senior Staff
65998,Mandell,Alameldin,Senior Staff
66382,Domenico,Candan,Engineer
66530,Dung,Leaver,Staff
66643,Jianhao,Tomescu,Engineer
66702,Deniz,Thibadeau,Engineer
66757,Yonghong,Baig,Staff
66807,Aiman,Rosaz,Engineer
67320,Sadok,Lorys,Senior Staff
67548,Fumitaka,Roohalamini,Staff
67934,Aiman,Gargeya,Engineer
68416,Munenori,Debuse,Senior Engineer
68608,Yucai,Seghrouchni,Engineer
68633,Chinhyun,Rassart,Senior Engineer
68648,Jaques,DiGiano,Technique Leader
69052,Shietung,Shrader,Senior Staff
69219,Shuky,Redmiles,Senior Staff
69867,Miyeon,Rothe,Senior Staff
69878,Chinya,Cooke,Engineer
69936,Lalit,Unni,Assistant Engineer
70469,Tru,Miyakawa,Senior Staff
70990,Arumugam,Nitta,Senior Engineer
71066,Domenick,Basart,Senior Staff
71141,Sajjad,Vitiello,Senior Staff
71188,Pranjal,Schapiro,Senior Staff
71243,Kinh,Buchter,Engineer
71334,Cathie,Peck,Engineer
71685,Kristinn,Olano,Senior Engineer
71710,Hitomi,Takanami,Assistant Engineer
71745,Adil,Laventhal,Assistant Engineer
72190,Sajjad,Waeselynck,Engineer
72194,Feiyu,Siepmann,Senior Engineer
72232,Naraig,Veldwijk,Engineer
72640,Honglan,Hutton,Engineer
72918,Takahira,Szilard,Senior Staff
73076,Froduald,Feldhoffer,Senior Engineer
73233,Shigeo,Merey,Senior Engineer
73516,Qingxiang,Badache,Engineer
73743,Anneke,Bernardeschi,Engineer
74200,Holgard,Weiland,Senior Engineer
74344,Hiroyasu,Provine,Engineer
74668,Masako,Bonifati,Senior Staff
74800,Yuuichi,Conde,Assistant Engineer
75354,Shuky,Jakobus,Engineer
75703,Kyoichi,Erman,Engineer
76189,Kolar,Hinsberger,Engineer
76201,Arif,Preusig,Senior Engineer
76640,Tristan,Mitsuhashi,Engineer
77030,Faiza,Garnham,Technique Leader
77303,Xinglin,Birge,Senior Staff
77647,Niranjan,Schaaf,Technique Leader
77815,Ronghao,Picaronny,Assistant Engineer
78106,Ashish,Ratnaker,Senior Staff
78363,Susumu,Fritzsche,Engineer
78469,Leucio,Cappelli,Staff
78871,Conor,Ghandeharizadeh,Senior Engineer
79043,Katsuo,Hockney,Technique Leader
79171,Guiseppe,Ellozy,Senior Engineer
79310,Jeong,Cunliffe,Senior Staff
79606,Arnd,Peir,Senior Engineer
79763,Sanjoy,Barreiro,Senior Staff
79895,Fei,Murtagh,Senior Staff
80067,Kazuhisa,Weiland,Senior Staff
80203,Shakhar,Baik,Staff
80432,Stella,Figueira,Senior Staff
80731,Shaowen,Eldridge,Senior Staff
80850,Koldo,Luit,Engineer
80889,Shigeo,Linnainmaa,Senior Engineer
80948,Harjit,Bardell,Engineer
81105,Jaewon,Boissier,Engineer
81545,Larisa,Kornyak,Technique Leader
81644,Divine,Ghandeharizadeh,Staff
81995,Sreekrishna,Brender,Engineer
82069,Yechezkel,Perfilyeva,Engineer
82098,Poornachandra,Wilharm,Engineer
82351,Stevo,Thambidurai,Senior Staff
82511,Uwe,Koblick,Engineer
82919,Shigeu,Claffy,Engineer
82928,Alselm,Rikino,Engineer
83280,Francesca,Ellozy,Senior Engineer
83289,Shigeichiro,Engelmann,Engineer
83509,Breannda,Collavizza,Engineer
83544,Leaf,Baak,Senior Staff
83714,Ohad,Kilgore,Engineer
83805,Manohar,Harllee,Senior Engineer
83941,Zsolt,Hagimont,Senior Staff
84029,Babette,Eugenio,Staff
84179,Shuichi,Nanard,Senior Engineer
84236,Eberhardt,Barriga,Senior Staff
84315,Kristina,Baumann,Assistant Engineer
84451,Shiv,Aumann,Senior Engineer
84508,Tommaso,Vidya,Engineer
84840,Sverrir,Neimat,Staff
84922,Parke,Unno,Engineer
84942,Shin,Fujisaki,Technique Leader
85216,Ferdinand,Rosiles,Senior Staff
85288,Younwoo,Luders,Engineer
85414,Chiradeep,Callaway,Staff
85445,Yongdong,Pollock,Staff
85702,Udi,Merks,Engineer
85874,Pasqua,Taubman,Senior Staff
86213,Kristine,Clemencon,Senior Staff
86354,Ronghao,Segond,Senior Engineer
86422,Jaewon,Thummel,Senior Staff
86546,Oldrich,Woycyznski,Engineer
86655,Zhenhua,Lorys,Engineer
86672,JoAnne,Anido,Staff
87129,Keung,Neiman,Staff
87353,Quingbo,Coombs,Senior Engineer
87714,Khun,Janetzko,Assistant Engineer
87729,Yongmin,Roccetti,Senior Staff
87783,Conor,Thorensen,Senior Engineer
88103,Goo,Bresenham,Senior Staff
88411,Lena,Cannane,Engineer
88422,Jungsoon,Birsak,Technique Leader
88647,Vasiliy,Ratnaker,Engineer
88958,Vojin,Coombs,Senior Staff
88965,Mang,Hedayat,Engineer
89048,Otmar,Birjandi,Engineer
89090,Tetsushi,Theuretzbacher,Senior Staff
89161,Conal,Yetto,Senior Staff
89207,Along,Erol,Senior Staff
89346,Mansur,Comyn,Engineer
89590,Guther,Rothenberg,Senior Staff
89664,Pranjal,Rossi,Staff
89680,Aiman,Mawatari,Engineer
89806,Xiadong,Shinomoto,Engineer
89922,Alexius,Ibel,Engineer
89941,Arnould,Weedman,Senior Staff
90077,Vivian,Guerreiro,Assistant Engineer
90084,Renny,Bale,Engineer
90211,Bader,Denis,Engineer
90292,Koichi,Assaf,Engineer
90518,Fumiko,Chepyzhov,Senior Staff
90614,Yonghoan,Trogemann,Assistant Engineer
90692,Rajmohan,DasSarma,Senior Staff
91172,Kazuhisa,Melter,Senior Staff
91182,Lucien,Schwartzburd,Engineer
91229,Yahiko,Hebden,Engineer
91256,Gunilla,Milicic,Staff
91333,Lobel,Stafford,Staff
91415,Jamaludin,Nilsson,Senior Staff
91648,Dmitry,Msuda,Senior Staff
92438,Aria,Kilgore,Engineer
92454,Visit,McFarlan,Engineer
92577,Zhanqiu,Farrow,Assistant Engineer
92598,Ranga,Merro,Assistant Engineer
92685,Mang,Atchley,Senior Staff
92841,Claude,Candan,Senior Staff
92846,Anyuan,Kropatsch,Senior Staff
92920,Huei,Hutter,Engineer
93040,Jaques,Kabayashi,Senior Engineer
93220,Richara,Walston,Senior Engineer
93278,Magdalena,Penn,Engineer
93549,Arie,Coullard,Senior Staff
93600,Kristina,Neimat,Technique Leader
94331,Ramzi,Cronau,Technique Leader
94416,Aran,Cesareni,Senior Staff
94761,Hitofumi,Zaccaria,Engineer
94944,Heping,Matheson,Engineer
95181,Yishai,Cappelli,Staff
95286,Kristin,Guerreiro,Engineer
95314,Rasiah,Koblick,Senior Staff
95406,Alair,Lyonns,Engineer
95416,Gianluca,Ramaiah,Engineer
95509,Kristinn,Loncour,Engineer
95920,Nobuyoshi,Hegner,Senior Staff
96571,Kokou,Garrabrants,Senior Engineer
96579,Mohan,Tasistro,Engineer
96767,Arumugam,Vecchio,Engineer
97018,Jeanna,Chinen,Engineer
97623,Haldon,Janetzko,Senior Staff
97661,Avishai,Hegner,Senior Staff
98288,Sumali,Huttel,Senior Staff
98306,Ziya,Kadhim,Senior Engineer
98639,Florina,Assaf,Staff
99057,Shugo,Reeken,Staff
99373,Xiaobin,Christianini,Senior Staff
99377,Carrsten,Francisci,Senior Engineer
99590,Dhritiman,Anily,Staff
99654,Mahendra,Motley,Senior Staff
100865,Hisao,Peral,Engineer
100916,Heejo,Aamodt,Engineer
101487,Abdelaziz,Sury,Senior Staff
101647,Mori,Homond,Senior Staff
101902,Mantis,Millington,Senior Staff
102620,Adin,Templeman,Engineer
103196,Djenana,Albarhamtoshy,Senior Staff
103310,Visit,Swen,Senior Staff
103316,Susanne,Peternell,Engineer
103342,Beshir,Hellwagner,Engineer
103756,Heping,Halloran,Assistant Engineer
104133,Pranjal,Zyda,Senior Staff
104845,Werner,Lodder,Senior Staff
104988,Parviz,Litzler,Engineer
105342,Kwun,Reeker,Technique Leader
105356,Diederik,Matzov,Engineer
105432,Mohamadou,Stafford,Engineer
105520,Haldun,Lienhardt,Senior Staff
105731,Sachem,Cromarty,Assistant Engineer
106096,Naftali,Schurmann,Engineer
106242,Nevio,Thisen,Senior Staff
106695,Lijie,Garrabrants,Senior Staff
106710,Babette,Anandan,Senior Staff
107486,Siamak,Luiz,Senior Engineer
107737,Fabrizio,Chleq,Senior Engineer
107792,Shahab,Crooks,Senior Staff
107828,Ramya,Walston,Senior Staff
108091,Hisao,Ghemri,Senior Staff
108198,Randi,Samarati,Senior Staff
108316,Shai,Stellhorn,Senior Engineer
108988,Oksana,Baek,Senior Staff
109062,Jamaludin,Kandlur,Senior Engineer
109211,Gor,Delgrande,Engineer
109252,Moty,Winter,Technique Leader
109278,Bangqing,Schach,Senior Staff
109552,Menkae,Etalle,Assistant Engineer
109598,Stamatina,Auyong,Senior Staff
109620,Mani,Cannata,Senior Staff
109703,Arco,Walston,Engineer
109741,Hatem,Fadgyas,Senior Engineer
109953,Godehard,Chorvat,Senior Staff
200267,Chuanti,Luff,Senior Staff
200312,Akemi,Fujisaki,Senior Engineer
200363,Kirk,Quaggetto,Engineer
200735,Dinah,Denos,Senior Staff
200789,Susumu,Camurati,Senior Staff
201229,Alejandra,Khasidashvili,Staff
201708,Anneli,Perl,Senior Staff
201709,Fan,Kakkad,Senior Staff
201739,Genta,Terekhov,Assistant Engineer
201801,Waiman,Genin,Engineer
201915,Sudharsan,DeMori,Engineer
202291,Ortrun,Schmiedel,Engineer
202403,Gully,Perko,Engineer
202414,Zvonko,Murthy,Senior Staff
202552,Morris,Saoudi,Engineer
202826,Kerhong,Matzke,Engineer
202882,Isaac,Koshino,Senior Engineer
202950,Giordano,Pietrzykowski,Senior Staff
203474,Hugh,Jonsson,Senior Staff
203495,Zongyan,Gips,Technique Leader
203599,Ewing,DiGiano,Technique Leader
203720,Sasan,Thimonier,Senior Staff
203946,Yefim,Marwedel,Senior Staff
204117,Jessie,Nooteboom,Staff
204133,Susuma,Bergere,Senior Staff
204246,Arve,Worfolk,Senior Staff
204425,Gretta,Huttel,Senior Engineer
204470,Hein,Lichtner,Senior Staff
204471,Franziska,Maginnis,Engineer
204764,Susanne,Mandelberg,Engineer
205018,Yahiko,Awdeh,Engineer
205085,Moni,Kornyak,Technique Leader
205174,Leszek,Spinelli,Staff
205500,Mary,Setiz,Senior Engineer
205627,Stabislas,Broder,Engineer
205660,Kien,Barreiro,Staff
205699,Youjian,Yetto,Senior Staff
205789,Limsoon,Skafidas,Senior Staff
205863,Aiichiro,Kusalik,Engineer
206748,Yucai,Fabrizio,Staff
206836,Guadalupe,Pfau,Senior Staff
206966,Tzu,Sichman,Engineer
207021,Jacqueline,Akaboshi,Engineer
207068,Zhiguo,Ariola,Senior Staff
207204,Kellie,Schrooten,Assistant Engineer
207401,Shuji,Barbanera,Senior Staff
207551,Baziley,Falck,Assistant Engineer
207779,Chinya,Kamble,Senior Staff
207980,Remko,Vieth,Senior Staff
208147,Manu,Rothenberg,Engineer
208330,Shen,Flanders,Senior Staff
208639,Larisa,Lukaszewicz,Senior Staff
208653,Phillip,Schade,Engineer
208784,Pranjal,Juneja,Senior Engineer
209101,Xinyu,Edelhoff,Senior Engineer
209443,Krassimir,Garnier,Senior Staff
209565,Dante,Covnot,Senior Staff
209712,Nimmagadda,Baak,Assistant Engineer
210017,Shalesh,Lovengreen,Senior Staff
210292,Lihong,Zeilberger,Staff
210449,Gino,Lagarias,Engineer
210752,Saniya,Stenning,Senior Staff
210786,Werner,Ranze,Staff
211858,Domenico,Ratnaker,Engineer
211879,Gao,Ranze,Engineer
211967,Anwar,Bain,Engineer
212093,Leni,Henders,Senior Staff
212154,Sailaja,Holburn,Senior Staff
212361,Claudi,Stanfel,Engineer
213016,Yongmao,Fontan,Engineer
213140,Tru,Danecki,Staff
213384,Pranas,Narwekar,Engineer
213447,Armond,Perly,Engineer
214215,Xiaoqiang,Cardazo,Senior Staff
214391,Rayond,Klassen,Senior Staff
214427,Peer,Molberg,Engineer
214539,Ingmar,Kohling,Engineer
214634,Shirish,Vickson,Engineer
214789,Arfst,Chepyzhov,Engineer
214866,Gopalakrishnan,Angel,Engineer
214995,Dinkar,Hoppenstand,Engineer
215419,Flemming,Kroha,Staff
215629,Munehiro,Manders,Senior Staff
215746,Sven,Speer,Staff
215843,Pramod,Loncour,Senior Staff
216054,Sahrah,Angiulli,Senior Staff
216342,Aiichiro,Cromarty,Engineer
216375,Byong,Gustavson,Senior Engineer
216502,Xiaocheng,Suermann,Engineer
216573,Ashish,Vidya,Engineer
216921,Lena,Lenart,Senior Staff
217026,Otmar,Engberts,Senior Staff
217080,Masami,Puoti,Senior Engineer
217272,Yuchang,Eldridge,Senior Staff
217286,Yannik,Spelt,Technique Leader
217320,Abdelwaheb,Denis,Engineer
217363,Horward,Marzano,Staff
217387,Jianhao,Molenaar,Engineer
217551,Panayotis,Lukaszewicz,Engineer
217800,Shay,Servieres,Senior Staff
218022,Mokhtar,Poupard,Technique Leader
218100,Jiong,Garnham,Senior Staff
218831,Unal,DuBourdieux,Engineer
219035,Kristine,Bierman,Technique Leader
219047,Aemilian,Kusalik,Engineer
219052,Marsal,Acton,Staff
219417,Subhrajyoti,Denna,Staff
219497,Moie,Zastre,Technique Leader
219967,Susanna,Reeken,Senior Staff
220029,Demos,Asser,Senior Engineer
220131,Reinhard,Slaats,Engineer
220418,Poorav,Laventhal,Staff
220528,Sibyl,Rabehasaina,Senior Staff
220582,Poornachandra,Zielinski,Senior Staff
220611,Yuping,Babb,Senior Staff
220625,Shigenori,Deville,Technique Leader
220699,Nahid,Gyimothy,Staff
220799,Perla,Orlowska,Senior Engineer
221126,Tesuya,dAstous,Engineer
221367,Saddek,Farris,Senior Staff
221369,Abdulah,Pocchiola,Engineer
221435,Djenana,Marrevee,Engineer
221973,Sangeeta,Kalefeld,Senior Staff
222206,Stein,Uludag,Senior Staff
222311,Miyeon,Billingsley,Senior Engineer
222319,Matt,Chvatal,Senior Engineer
222354,Valdiodio,Schlumberger,Assistant Engineer
222616,Badri,Schapire,Assistant Engineer
222770,Kazuhiko,Kushner,Senior Engineer
222878,Annemarie,Zallocco,Engineer
222926,Limsoon,Erol,Senior Engineer
222952,Gopalakrishnan,Suermann,Engineer
222998,Leaf,Awdeh,Senior Staff
223593,Hidefumi,Moehrke,Staff
223595,Chiranjit,Dredge,Technique Leader
224135,Annemarie,Bressoud,Engineer
224335,Perry,Chachaty,Engineer
224390,True,Shobatake,Senior Staff
224934,George,Miake,Senior Staff
225438,Remmert,Quaggetto,Senior Staff
225601,Masasuke,Genin,Assistant Engineer
225788,Ipke,Kieras,Engineer
225867,Ramalingam,Remmele,Senior Engineer
225964,Mooi,Cooman,Engineer
226216,Giordano,Gini,Technique Leader
226227,Herbert,Erva,Engineer
227354,Gio,Murtha,Engineer
227476,Macha,Schnabel,Engineer
227681,Mikhail,Rousseau,Staff
227899,Garnik,Luce,Staff
227901,Francesca,Azuma,Senior Staff
228098,IEEE,Kroll,Engineer
228248,Yuriy,Plump,Senior Staff
228554,Bilhanan,Brendel,Senior Staff
228766,Nahla,Smailagic,Engineer
229098,Berry,Yurek,Senior Staff
229220,Fabrizio,Lichtman,Engineer
229248,Harjit,Terekhov,Staff
229386,Pohua,Tasistro,Technique Leader
229391,Paloma,Henseler,Engineer
229404,Gilbert,Kilgour,Staff
229547,Moni,Schach,Senior Staff
229727,Ewing,Millington,Engineer
229981,Jamaludin,Fordan,Engineer
230002,Tadahiro,Backhouse,Engineer
230126,Bezalel,Radivojevic,Senior Staff
230287,Renny,Alameldin,Assistant Engineer
230354,Yinghua,Lorho,Senior Staff
230498,Kolar,Puppo,Engineer
230579,Shahar,Negoita,Senior Staff
230689,Dietrich,Crabtree,Senior Staff
230865,Takushi,Brattka,Staff
231069,Trygve,Siksek,Staff
231459,Nectarios,Pramanik,Assistant Engineer
231671,Chandrasekaran,Pearson,Staff
231798,Goetz,Alvarado,Engineer
232178,Etsuo,Anandan,Senior Staff
232209,Nitsan,Rouquie,Engineer
232697,Barry,Ramsak,Engineer
232723,Tesuya,Bugrara,Assistant Engineer
233114,Alselm,Gargeya,Senior Engineer
233394,Khalid,Lenart,Engineer
233397,Fay,Sundgren,Senior Staff
233426,Etsuo,Usery,Engineer
233690,Cedric,Riefers,Engineer
233759,Zissis,Lodder,Engineer
233765,Kotesh,Chachaty,Engineer
233785,Baziley,Ballarin,Senior Staff
233818,Kellie,Heydon,Engineer
234195,Luerbio,Terkki,Senior Staff
234739,Foong,Aamodt,Senior Engineer
235017,Irena,Dratva,Senior Staff
235096,Sverrir,Gyimothy,Senior Staff
235325,Gro,Prochazka,Engineer
235368,Anneli,Joslin,Senior Engineer
235458,Gio,Heuser,Senior Staff
235729,Henk,Anger,Senior Staff
235780,Sampalli,Bergere,Senior Engineer
235793,Jayesh,Spinelli,Senior Engineer
236315,IEEE,Raczkowsky,Technique Leader
236566,Yechezkel,Maginnis,Senior Staff
236591,Insup,Reinhard,Senior Staff
236827,Almudena,Rijckaert,Engineer
236883,Huan,Olivero,Staff
236964,Adel,Foote,Staff
238112,Miomir,Frezza,Technique Leader
238252,Uno,Suppi,Staff
238422,Vishv,Angelov,Senior Staff
238949,Minghong,Cronin,Senior Staff
239067,Tadahiko,Pocchiola,Staff
239244,Abdulla,Kitai,Senior Staff
239415,Susumu,Brender,Engineer
239426,Vesna,Fairtlough,Engineer
239664,Sugwoo,Michaels,Engineer
239706,Arunas,Bugrara,Assistant Engineer
239748,Bilhanan,Dusink,Senior Staff
239803,Oscal,Ernst,Senior Staff
240132,Mizuhito,Kobara,Senior Staff
240236,True,Tischendorf,Engineer
240285,Kolar,Greenaway,Staff
240340,Mack,Staylopatis,Engineer
240438,Temple,Cyre,Senior Staff
240870,Francesca,Chorvat,Senior Staff
241100,Cedric,Molenaar,Engineer
241254,Jagoda,Anguita,Senior Engineer
241292,Uri,Lampe,Senior Staff
241567,Emran,Miara,Engineer
241667,Atilio,Olivero,Engineer
241728,Limsoon,Boudaillier,Senior Engineer
241872,Bluma,Fetvedt,Senior Staff
242019,Herb,Murrill,Senior Engineer
242081,Tomokazu,Pargas,Assistant Engineer
242104,Richara,Sudkamp,Senior Staff
242500,Bingning,Iisaku,Senior Staff
242800,Kazuyasu,Levergood,Engineer
243018,Bowen,Deverell,Senior Staff
243077,Kazunori,Perz,Senior Engineer
243576,Abdulah,Lodder,Senior Staff
243637,Marjo,Delgrange,Senior Staff
243898,Arch,Basawa,Staff
244308,Mokhtar,Rebaine,Senior Staff
244605,Masoud,Suwa,Senior Staff
244624,Boaz,Seuren,Senior Staff
244711,Rosli,Butner,Assistant Engineer
244714,Poorav,Clouatre,Senior Engineer
244820,Shigenori,Hertweck,Engineer
244873,Arunachalam,Oppitz,Senior Staff
245164,Filipp,Winter,Engineer
245396,Gift,Bottner,Senior Staff
245664,Manohar,Kilgore,Staff
246146,Zhongwei,Melski,Engineer
246244,George,Casperson,Staff
246364,Alper,Tiemann,Engineer
246764,Shuzo,Czaja,Staff
246798,Tianruo,Strooper,Senior Staff
246902,Shih,Shanbhogue,Staff
247089,Seongbae,Schahn,Senior Staff
247122,Xiaobin,Narlikar,Senior Staff
247447,Tzu,Bakhtari,Engineer
247456,Masako,Bahk,Engineer
247612,Chiranjit,Constantine,Engineer
247875,Xiong,Anick,Senior Staff
247888,Abdelghani,Lagarias,Engineer
248256,Sajjan,Falby,Staff
248351,Jaana,Milicia,Senior Staff
248758,Snehasis,Muhlberg,Senior Staff
248953,Percy,Sudbeck,Assistant Engineer
249239,Hideyuki,Decleir,Senior Engineer
249325,Ute,Pokrovskii,Staff
249433,Ayonca,Matzov,Engineer
249504,Dmitry,Velardi,Engineer
249780,Nechama,Gaughan,Assistant Engineer
249799,Jolita,Neimat,Engineer
249866,Steen,Gubsky,Senior Staff
249969,Georgi,Luiz,Engineer
250411,Ranga,Sommen,Senior Staff
250452,Alexius,Plavsic,Senior Engineer
250748,Kish,Turnbull,Engineer
251166,Hinrich,Hooghiemstra,Senior Staff
251233,Yucel,Bernini,Engineer
251301,Pintsang,Impagliazzo,Senior Staff
251341,Divier,Kumaresan,Senior Staff
251403,Utpal,DuBourdieux,Technique Leader
251437,Shichao,Iwayama,Assistant Engineer
251645,Bezalel,Tsunoo,Senior Staff
251680,Moty,Sommen,Senior Engineer
251814,Mitsuyuki,Zockler,Technique Leader
252185,Chaosheng,Conta,Assistant Engineer
252316,Gill,Niizuma,Engineer
252392,Sanjeeva,Peron,Engineer
253029,Thodoros,Thimonier,Engineer
253707,Insup,Hainaut,Staff
253838,Stafford,Terlouw,Assistant Engineer
253893,Huiqun,Trystram,Senior Engineer
254044,Gunilla,Brendel,Engineer
254399,Armond,Lores,Technique Leader
254821,Tonny,Couchot,Staff
255466,Huan,Roccetti,Senior Engineer
255657,Oldrich,Cyre,Engineer
255779,Heejo,Merle,Technique Leader
256216,Halsur,Brodal,Engineer
256856,Hongzue,Barbanera,Senior Staff
256881,Ioana,Jakobus,Engineer
256888,Heather,Pehl,Staff
257062,Stabislas,Pardalos,Engineer
257378,Pascal,Bernatsky,Senior Staff
257469,Anyuan,Hanratty,Senior Staff
257484,Shaowei,Nicolson,Senior Staff
258028,Mountaz,Reinhart,Engineer
258124,Mariusz,Zolotykh,Senior Staff
258470,Weiwu,Butner,Staff
258643,Przemyslawa,Esposito,Engineer
259042,Xiaoqiang,Farrow,Staff
259237,Palash,Gammage,Senior Staff
259273,Xiahua,Gomatam,Senior Engineer
259611,Shuichi,Marrakchi,Senior Staff
259619,Conal,Magliocco,Senior Staff
259718,Stepehn,Bouloucos,Senior Staff
260153,Mingdong,Baar,Technique Leader
260249,Vugranam,Beausoleil,Staff
260361,Reinhold,Rahier,Engineer
260399,Hatem,Birsak,Senior Staff
260408,Sasan,Brookner,Senior Staff
260501,Dzung,Pargas,Technique Leader
261184,Masako,Kornatzky,Senior Engineer
261631,Jianhua,Huttel,Engineer
261662,Berni,Assaf,Senior Staff
261737,Mark,Lindqvist,Engineer
261986,Gila,Ramsak,Senior Engineer
261990,Volkmar,Czaja,Senior Staff
262208,Mrinalini,Holburn,Senior Staff
262210,Chinho,Bottner,Assistant Engineer
262328,Mayuko,Vural,Staff
262439,Lorien,Lagarias,Senior Staff
262636,Tamiya,Reutenauer,Senior Engineer
262752,Pramod,Bierman,Engineer
262928,Piyush,Gill,Engineer
263012,Hideo,Buchter,Staff
263186,Danny,Lowrie,Technique Leader
263370,Shakhar,Ranze,Staff
263439,Atreye,Kabayashi,Senior Engineer
263645,Mingsen,Lally,Senior Engineer
263649,Mechthild,Zongker,Senior Staff
263926,Fusako,Schwartzbauer,Senior Staff
264030,Zdislav,Solares,Assistant Engineer
264167,Baoqiu,Tomescu,Senior Engineer
264322,Leandro,Swist,Senior Staff
264626,Noritoshi,Bakhtari,Senior Staff
264939,Bogdan,Bahi,Engineer
265039,Navid,Staudhammer,Senior Staff
265521,Kensei,Salverda,Engineer
265558,Susuma,Kleiser,Senior Staff
265794,Miquel,Halloran,Senior Staff
265875,Fan,Marsiglia,Engineer
266206,Zsolt,Anily,Senior Staff
266249,Sumant,Nishimukai,Senior Staff
266310,Zvonko,Serdy,Senior Staff
266644,Anwar,Gubsky,Senior Staff
266862,Mart,Plumb,Senior Staff
266881,Mokhtar,Sabnani,Senior Staff
267059,Moie,Tempesti,Senior Staff
267227,Susuma,Tagansky,Engineer
267304,Jordanka,Axelband,Senior Staff
267667,Irena,Kaiserswerth,Senior Staff
268043,Narain,Mikschl,Engineer
268191,LiMin,Teitelbaum,Engineer
269728,Naftali,Kragelund,Senior Staff
270084,Ulises,Frolund,Senior Staff
270716,Shunichi,Baer,Staff
270794,Dannz,Zhang,Senior Staff
271106,Taisook,Kampfer,Engineer
271219,Odoardo,Tyugu,Engineer
272141,Tsutomu,Neiman,Senior Staff
272285,Gully,Mitchem,Senior Staff
272316,Surveyors,Muhling,Engineer
272452,Mitsuyuki,Isard,Engineer
272599,Holgard,Hegner,Senior Staff
272860,Minghong,Candan,Assistant Engineer
273159,Divine,Hofmeyr,Technique Leader
273286,Brigham,Asmuth,Engineer
273396,Wayne,Baba,Engineer
273806,Hongzhu,Beetstra,Senior Staff
273858,Gunilla,Matzen,Senior Staff
274071,Mingsen,Weiland,Staff
274271,Prodip,Ritcey,Senior Staff
274369,Ranga,Waymire,Senior Staff
274813,Yefim,Pettey,Senior Staff
275158,Satyanarayana,Brandsma,Engineer
275263,Vojin,Laventhal,Engineer
275444,Limsoon,Leppanen,Engineer
275495,Shen,Yamaashi,Staff
275801,Ayakannu,Heinisuo,Senior Staff
275881,Jiann,Munro,Senior Engineer
275994,Uma,Prampolini,Engineer
276027,Holgard,Stavenow,Senior Staff
276184,Mari,Swick,Senior Staff
276186,Sajjad,Vecchi,Senior Staff
276189,Isaac,Klerer,Senior Staff
276445,Atilio,Randi,Engineer
276472,Hideyuki,Flanders,Engineer
276563,Gift,Solares,Senior Staff
276868,Alois,Sanella,Staff
277316,Vitali,Rothenberg,Senior Staff
277362,Uzi,Kugler,Senior Staff
277420,Rayond,Schach,Engineer
277777,Herbert,Itzigehl,Senior Engineer
277829,Michaela,Fandrianto,Senior Engineer
278239,Boaz,Bottner,Staff
278386,Caolyn,Poujol,Technique Leader
278452,Sudhanshu,Toyoshima,Senior Staff
278536,Munenori,Shobatake,Senior Staff
278549,Jaana,Werthner,Senior Staff
278953,Jeanna,Ghandeharizadeh,Senior Engineer
279115,Maren,DuCasse,Engineer
279280,Niranjan,Debuse,Engineer
279791,Chiranjit,Lyonns,Assistant Engineer
280070,Niteen,Ebeling,Senior Staff
280291,Lenore,Badache,Staff
280420,Jahangir,Hofting,Senior Staff
280525,Kish,Herbst,Staff
280648,Heeju,Lorys,Engineer
281570,Zijian,Covnot,Assistant Engineer
281692,Khosrow,Sommen,Senior Engineer
281848,Parke,Staylopatis,Engineer
281859,Masanao,Papastamatiou,Engineer
282191,Alper,Shinomoto,Engineer
282333,Nahla,Serdy,Senior Staff
282343,Xinglin,Haldar,Senior Staff
282547,Nahum,Codenie,Engineer
282585,Zijian,Lammel,Staff
282894,Fay,Bellmore,Engineer
284300,Ishfaq,Mahmud,Senior Staff
284431,Pintsang,Fujisawa,Senior Staff
284561,Duri,Beznosov,Senior Engineer
284687,Oksana,Redmiles,Engineer
284691,Theron,Ressouche,Engineer
284711,Martijn,Azevdeo,Senior Engineer
284717,Gal,Ranta,Engineer
284856,Moto,Kobara,Engineer
284954,Anneke,Hammerschmidt,Engineer
285164,Xiaocheng,Kumaresan,Staff
285396,Lena,Kohling,Engineer
285905,Kellyn,Bage,Senior Staff
285906,Arnould,Buescher,Engineer
286026,Utpal,Zaumen,Senior Staff
286029,Jaques,Nanard,Staff
286370,Toshimitsu,Seuren,Senior Staff
286452,Behnaam,Bierbaum,Engineer
286573,Nahum,Nishimukai,Engineer
286779,Sigeru,Versino,Engineer
286986,Woody,Trelles,Senior Engineer
287323,Steve,Dengi,Staff
287327,Youjian,Felder,Senior Staff
287334,Elliott,Speer,Engineer
287482,Shigeaki,Gihr,Engineer
287583,Jovan,Hockney,Engineer
287609,Sailaja,Negoita,Assistant Engineer
287713,Aamod,Ranka,Senior Staff
287808,Vidar,Ozeki,Technique Leader
287983,Randi,Munos,Senior Staff
287984,Troy,Kobuchi,Engineer
288028,Kauko,Narwekar,Engineer
288142,Shay,Heystek,Senior Staff
288166,Masoud,Asmuth,Staff
288560,Yifei,Birjandi,Senior Staff
288563,Cristinel,Gerlach,Engineer
288606,Susumu,Swiss,Senior Staff
288665,Horward,Khasidashvili,Senior Engineer
288893,Bedrich,Rosenbaum,Engineer
289454,Bowen,Narwekar,Senior Engineer
289687,Fai,Maccarone,Senior Staff
289807,Soenke,Lemarechal,Senior Staff
289909,Hilari,Vecchio,Senior Staff
290009,Zijian,Rindone,Senior Staff
290075,Boalin,Byoun,Senior Staff
290284,Kwangjo,Menhardt,Engineer
290441,Gregory,Collavizza,Senior Staff
290467,Shaowen,Poulakidas,Senior Staff
290478,Tsvetan,Sherertz,Assistant Engineer
290563,Shigehiro,Oxenboll,Senior Engineer
290769,Lalit,Blokdijk,Senior Engineer
291352,Danai,Trelles,Technique Leader
291612,Siamak,Gomatam,Engineer
291669,Faiza,Bach,Engineer
292110,Menkae,Showalter,Engineer
292146,Khatoun,Pulkowski,Engineer
292210,Masaru,Huhdanpaa,Engineer
292404,Hongzue,Zultner,Senior Staff
292504,Georgi,Bednarek,Engineer
292515,Bernd,Thummel,Assistant Engineer
292828,Ziya,Tokunaga,Engineer
293080,Hideyuki,Slaats,Senior Staff
293154,Syozo,Maliniak,Senior Staff
293280,Moti,Steenbeek,Engineer
293329,Fumiya,Griswold,Engineer
293746,Sanjay,Litecky,Engineer
293752,Jungsoon,Bail,Senior Staff
294144,Takanari,Ermel,Senior Staff
294241,Marl,Fiebach,Senior Staff
294446,Claudi,Ruemmler,Staff
294461,Siddarth,Rosiles,Senior Engineer
294527,Ashish,Candan,Senior Staff
294652,Hironobu,Brodie,Engineer
294791,Vesna,Lammel,Assistant Engineer
294857,Caolyn,Ozeri,Engineer
295030,Fun,Keirsey,Senior Staff
295236,Kauko,Fujisawa,Engineer
295254,Xuejun,Pfau,Senior Staff
295255,Jacopo,Bellone,Technique Leader
295262,Moon,Pews,Assistant Engineer
295268,Eben,Calkin,Senior Staff
295278,Val,Barvinok,Assistant Engineer
295411,Chiranjit,Serot,Staff
295857,Kankanahalli,Ciolek,Senior Staff
296062,Shaz,Driscoll,Staff
296303,Mariangiola,Heyers,Technique Leader
296428,Charmane,Simmen,Senior Staff
296664,Dipayan,Geffroy,Senior Engineer
296687,Palash,Spieker,Senior Staff
296718,Kamakshi,Bahl,Senior Engineer
297232,Lokesh,Saoudi,Senior Staff
297431,Cathie,Ratnakar,Senior Staff
297474,Irena,Terkki,Staff
297905,Marc,Bahl,Assistant Engineer
297954,Sailaja,Fujisaki,Assistant Engineer
298339,King,Benzmuller,Engineer
298577,Florina,Litecky,Senior Staff
298953,Zita,Syang,Staff
299346,Fumitake,Sichman,Senior Staff
299580,Luisa,Itzfeldt,Engineer
299718,Denny,Shobatake,Senior Staff
299737,Patricio,Itzfeldt,Senior Staff
400046,Hilari,Christ,Senior Staff
400358,Angus,Jullig,Engineer
400683,Kamakshi,Manders,Staff
400780,Poornachandra,Asser,Engineer
400796,Bodo,Halevi,Engineer
401154,Danae,Kragelund,Senior Staff
401278,Oguz,Schurmann,Assistant Engineer
401333,Martins,Shokrollahi,Engineer
401420,Florian,Uhrig,Senior Staff
401574,Yannik,Falco,Technique Leader
402025,Shigehito,Duclos,Engineer
402102,Kersti,Granlund,Engineer
402664,Subhada,Janetzko,Senior Engineer
402718,Jeanna,Rettelbach,Engineer
402827,Weidon,Pollacia,Senior Staff
403010,Toshimitsu,Sluis,Senior Engineer
403621,Deborah,Kaminger,Senior Staff
403644,Krisda,Hainaut,Senior Staff
403954,Jeanna,Bratten,Engineer
404018,Valery,Babb,Senior Engineer
404236,Zengping,Kakkar,Engineer
404462,Anestis,Setlzner,Engineer
404573,Eberhardt,Spelt,Staff
404755,Manu,Junet,Senior Staff
404788,Basem,Beausoleil,Engineer
405015,Morris,Fargier,Senior Staff
405063,Yechezkel,Yurov,Senior Engineer
406125,Georgi,Portugali,Technique Leader
406239,Marek,Tomescu,Engineer
406564,Parviz,Picco,Engineer
406714,Malu,Ossenbruggen,Senior Staff
406847,Alexius,Crouzet,Staff
407522,Tommaso,Raczkowsky,Staff
407837,Fei,Erez,Engineer
408019,Shridhar,Chleq,Assistant Engineer
408114,Geoffrey,Ladret,Engineer
408163,Irene,Sethi,Senior Engineer
408417,Tsz,Daescu,Staff
408437,Uno,Solares,Senior Staff
408447,Mayuri,Werthner,Senior Staff
408654,Yongqiao,Cochrane,Senior Staff
408953,Jolita,Claffy,Senior Engineer
409391,Willard,Verspoor,Engineer
409798,Dekang,Tsunoo,Technique Leader
409805,Frazer,Candan,Senior Engineer
409898,Divier,Ishibashi,Engineer
410028,Xiadong,McClurg,Senior Staff
410372,Duri,Mitina,Engineer
410433,Kazuhisa,Riesenhuber,Senior Engineer
410616,Gudjon,Kalorkoti,Engineer
410804,Ronnie,Denos,Engineer
410881,Koichi,Grabner,Senior Engineer
411070,Otmar,Brandsma,Engineer
411082,Martine,Cangellaris,Engineer
411143,Goncalo,Barbanera,Senior Staff
412404,Mitsuyuki,Jeansoulin,Senior Engineer
412757,Leen,Peak,Engineer
413098,Hsiangchu,Taubenfeld,Senior Staff
413205,Mototsugu,Prampolini,Senior Staff
413666,Remco,Duclos,Senior Staff
413729,Harjit,Ernst,Technique Leader
413831,Mohamadou,Grabner,Senior Staff
413832,Marco,Jahnichen,Senior Staff
414027,Tadanori,Msuda,Engineer
414091,Wuxu,Kuhnemann,Engineer
414543,Bernd,Anick,Senior Engineer
414551,Elliott,Copas,Engineer
414662,Ipke,Schneeberger,Engineer
414714,Chinho,Delgrande,Senior Staff
414814,Dayanand,Wielonsky,Staff
414897,Juyoung,Willoner,Senior Staff
415187,Juyoung,Peltason,Assistant Engineer
415338,Shigeo,Emmart,Assistant Engineer
415363,Conal,Shackell,Senior Staff
415563,Mrinalini,Bierbaum,Engineer
416074,Alain,Lieberherr,Engineer
416383,Nectarios,Itschner,Engineer
416420,Adamantios,Heemskerk,Senior Staff
416492,Kannan,Meriste,Senior Engineer
416660,Nathalie,Luke,Assistant Engineer
416720,Tokuyasu,Xiaoshan,Engineer
416877,Gio,Orsini,Senior Staff
416892,Shooichi,Vandervoorde,Engineer
417435,Bouchung,Zaumen,Senior Staff
418239,Josyula,Motley,Senior Engineer
418247,Oscar,Oppitz,Senior Staff
418298,Arvin,Pusterhofer,Engineer
418309,Danel,Petereit,Engineer
418380,Kazuhiko,Gornas,Senior Engineer
418566,Kazuhide,Snedden,Senior Engineer
418606,Michaela,Otillio,Engineer
418717,Arunachalam,Magliocco,Senior Staff
418860,Ymte,Dalton,Senior Staff
419099,Heon,Broomell,Staff
419953,Ung,Orlowski,Senior Staff
420086,Susuma,Kitsuregawa,Engineer
420476,Mariangiola,Bolsens,Senior Staff
420557,Mabhin,Eastman,Senior Staff
420694,Frazer,Barbanera,Senior Staff
420732,Willard,Morrin,Senior Staff
420759,Raimond,Solovay,Staff
420765,Shawna,Krider,Senior Staff
420877,Khosrow,Erez,Senior Staff
421022,Shigeaki,Butner,Senior Staff
421033,Garnik,Randt,Senior Staff
421074,Zhaofang,Falster,Senior Staff
421312,Mariangiola,Bashian,Engineer
421384,Renny,Bednarek,Senior Staff
421755,Shichao,Thiria,Assistant Engineer
422146,Kenton,Miara,Engineer
422783,Jagoda,Uhrig,Engineer
423038,Takushi,Strehl,Senior Staff
423204,Uma,Stranks,Senior Staff
423208,Joydip,Krone,Engineer
423214,Tsutomu,Tetzlaff,Senior Staff
423327,Constantijn,Lichtman,Senior Staff
423350,Heping,Monarch,Senior Staff
423633,Mariusz,Tokunaga,Senior Engineer
423993,Seshu,Kolvik,Technique Leader
424569,Danco,Luff,Engineer
424584,Kagan,Dredge,Engineer
424685,Changho,Veevers,Senior Staff
424797,Theron,Itschner,Senior Staff
424805,Jacqueline,Zallocco,Senior Staff
424930,Xuejun,Reeker,Senior Staff
424984,Vasilis,Waleschkowski,Engineer
425437,Moni,Staudhammer,Engineer
425535,Alagu,Vieri,Senior Staff
425540,Paddy,Zumaque,Senior Staff
425757,Yongdong,Jiang,Senior Staff
425780,Paris,Range,Senior Staff
425830,Guther,Conia,Engineer
425875,Jahangir,Kroft,Senior Staff
426153,Shahaf,Luce,Senior Staff
426168,Kaijung,Mateescu,Senior Staff
426228,Supot,Badache,Engineer
426235,Danco,Rajala,Senior Staff
426644,Zejun,Broomell,Engineer
426706,Karsten,Kawashima,Engineer
426795,Huican,Lunn,Senior Staff
426818,Gaurav,Fendler,Senior Staff
426819,Sandeepan,Kulisch,Engineer
426824,Gopalakrishnan,Mawatari,Senior Staff
426958,Weijing,Viele,Engineer
427313,Utpal,Kemmerer,Senior Staff
427320,Mamdouh,Ramamoorthy,Senior Engineer
427332,Feiyu,Hemaspaandra,Staff
427571,Torsten,Ranta,Engineer
427776,Jaques,Navazio,Senior Staff
427805,Haldun,Compeau,Senior Staff
427823,Jaques,Gecsei,Staff
427852,Adil,Kieras,Senior Engineer
428082,Ronghao,Alpin,Senior Staff
428160,Jamaludin,Kalorkoti,Senior Staff
428195,Hatsukazu,Rosca,Senior Staff
428219,Ghassan,Androutsos,Senior Staff
428917,Theron,Billawala,Assistant Engineer
429087,Hugh,Senzako,Technique Leader
429231,Kazuyasu,Schmiedel,Senior Staff
429238,Mona,Luck,Senior Staff
429249,Alassane,Wolniewicz,Engineer
429316,Seshu,Hiraishi,Senior Staff
429381,Limsoon,Roohalamini,Senior Staff
429481,Subhada,Emmerich,Engineer
429520,Yongqiao,Francisci,Engineer
429532,Bartek,Vendrig,Senior Staff
429569,Fumiya,Chappelet,Assistant Engineer
429703,Ung,Honglei,Senior Staff
429899,Ranan,Marsiglia,Staff
429954,Renny,Gladwell,Staff
430054,Erzsebet,Setiz,Engineer
430558,Xiong,Roisin,Engineer
430593,Janalee,Lanzelotte,Senior Staff
430631,Kersti,Marsiglia,Engineer
430891,Khalil,Gien,Senior Engineer
431576,Masamitsu,Back,Senior Staff
431657,Visit,Thiran,Engineer
431882,Hideo,Varman,Engineer
431887,Poorav,Ranst,Senior Engineer
432031,Adamantios,Matzat,Senior Staff
432034,Arfst,Uehara,Senior Staff
432121,Alair,Straney,Senior Staff
432257,Kwangjo,Hiltgen,Engineer
432261,Arve,Bergere,Engineer
432399,Nitsan,Nollmann,Engineer
432523,Takahiro,Maquelin,Engineer
432665,Flemming,Driscoll,Engineer
432787,Toshiko,Ibel,Senior Engineer
432956,Qunsheng,Birrer,Senior Staff
433059,Bojan,Montresor,Staff
433157,Tomofumi,Serna,Staff
433260,Make,Olivero,Assistant Engineer
433438,Keiichiro,Miyakawa,Senior Staff
434845,Takushi,Skogmar,Senior Staff
434936,Sahrah,Rosis,Engineer
435042,Brigham,Borstler,Staff
435060,Moie,Lieblein,Staff
435181,Kazuhide,Fiutem,Senior Staff
435289,Feixiong,Schurmann,Senior Staff
435305,Berthier,Pramanik,Senior Staff
435370,Conal,Basart,Senior Staff
435588,Genta,Pepe,Senior Staff
435602,Dietrich,Kranzdorf,Senior Staff
435774,Olivera,Bharadwaj,Senior Staff
435791,Hercules,Speer,Engineer
436558,Subir,Greibach,Senior Engineer
436797,Ohad,Henders,Senior Staff
436827,Wojceich,Limongiello,Senior Staff
436915,Feixiong,Haraldson,Staff
437276,Dines,DeMori,Senior Staff
437369,Kazuhide,Biran,Senior Staff
437395,Sumant,Thambidurai,Senior Staff
437724,Erez,Luft,Staff
437870,Kerhong,Lorho,Staff
438038,Lena,Giaccio,Senior Staff
438264,Rasikan,Barreiro,Senior Staff
438557,Lidong,Swist,Engineer
439377,Mari,Plessier,Senior Engineer
439905,Kousuke,Levasseur,Senior Staff
439924,Gunilla,Kisuki,Senior Staff
440325,Douadi,Sullins,Senior Staff
440435,Sandeepan,Rosti,Senior Engineer
440450,Tzvetan,Scharstein,Senior Staff
440642,Snehasis,Kalsbeek,Senior Staff
440870,Filipp,Hasham,Senior Staff
440937,Fabrizio,Usery,Senior Staff
441197,Miquel,Legleitner,Senior Staff
441536,Chinho,Collette,Senior Engineer
441954,Leszek,Marchegay,Engineer
441965,Claudi,Heijenga,Senior Staff
442002,Ravishankar,Baig,Senior Staff
442096,Martijn,DiGiano,Senior Engineer
442312,Zengping,Cusworth,Engineer
442490,Navid,Luke,Engineer
442653,Mona,Hebden,Engineer
442700,Siddarth,Masada,Staff
442898,Aksel,Gire,Engineer
443108,Christfried,Atrawala,Senior Staff
443485,Marke,Klerer,Senior Staff
443841,Shaw,Kading,Senior Staff
443873,Vatsa,Ramsay,Senior Staff
444070,Heping,Skrikant,Senior Staff
444099,Kousuke,Worfolk,Senior Staff
444208,Irena,Cesareni,Senior Staff
444465,Prasadram,Bultermann,Senior Engineer
444487,Udi,Rullman,Senior Engineer
444643,Berna,Schonegge,Staff
445067,Eldridge,Kawashima,Engineer
445152,Heping,Peac,Senior Staff
445226,Oscar,Baumann,Engineer
445570,Van,Nations,Technique Leader
445723,Gaurav,Roison,Staff
445941,Masako,Dechter,Technique Leader
445950,Ebru,Valtorta,Engineer
446121,Fay,Cochrane,Staff
446306,Hercules,Kabayashi,Senior Engineer
446424,DAIDA,Nooteboom,Engineer
446897,Takahiro,Dalton,Technique Leader
446959,Aram,Passino,Senior Engineer
447018,Dannz,Miara,Engineer
447135,Gennady,Rouquie,Senior Staff
447232,Aleksander,Schaaf,Senior Staff
447376,Kirk,Zongker,Staff
447544,Stabislas,Kakkad,Senior Staff
447613,Paris,Restivo,Engineer
447877,Make,Heuser,Engineer
447931,Martijn,Jeong,Senior Staff
447966,Kamakshi,Hebert,Engineer
447982,Shiv,Baezner,Engineer
447999,Shiv,Vilarrasa,Engineer
448769,Mong,Dichev,Technique Leader
448900,Mart,Talmor,Staff
448918,Chiradeep,Arlazarov,Engineer
448994,Haldun,Syang,Staff
449189,Jahangir,Bernatsky,Senior Staff
449815,Fumitaka,Quittner,Senior Staff
449984,Hinrich,Perin,Engineer
450184,Selwyn,Henseler,Senior Engineer
450255,Udo,Waymire,Technique Leader
450309,Gill,Orlowska,Technique Leader
450475,Saeed,Bahl,Senior Staff
450817,DAIDA,Frolund,Engineer
450888,Sedat,Rande,Senior Staff
450934,Chanjung,Raoux,Engineer
450936,Yuriy,Ponthieu,Senior Staff
451253,Jaihie,Ozeri,Senior Staff
451272,Jacopo,Krohm,Engineer
451275,Bedrich,Isard,Senior Staff
451333,Radhika,Bonifati,Senior Staff
452137,Subir,Miake,Engineer
452206,Arra,Esposito,Staff
452325,Taiji,Berstel,Engineer
452347,Shigeichiro,Brattka,Senior Staff
452365,Fei,Gadepally,Assistant Engineer
452956,Gou,Thombley,Senior Engineer
452957,Alair,Nanard,Staff
452982,Lobel,Aloia,Senior Staff
453070,Aran,Rosenbaum,Senior Staff
453154,Gao,Lally,Staff
453644,Berni,Takkinen,Senior Staff
453688,Chinya,Leslie,Engineer
453723,Arne,Kohling,Engineer
453760,Ewing,Rajala,Senior Staff
453790,Fai,Keirsey,Engineer
453913,Stein,Perng,Senior Staff
454338,Mohammed,Georg,Engineer
454378,Gina,Ossenbruggen,Technique Leader
454736,Nechama,Ermel,Engineer
454791,Xiaoqiu,Pietracaprina,Senior Engineer
454825,Kamakshi,Schusler,Engineer
454994,Mohan,Picht,Engineer
455175,Soenke,Zaumen,Senior Staff
455284,Luisa,Baig,Engineer
455726,Qiwen,Kriebel,Senior Staff
455814,Giao,DuCasse,Engineer
455914,Peer,Angelopoulos,Engineer
456767,Tetsurou,Schreiter,Senior Staff
456982,Shounak,Dratva,Engineer
457070,Gay,Plavsic,Senior Staff
457146,Jinpo,Heyers,Staff
457305,Sorina,Lakshmanan,Staff
457337,Xumin,Beidas,Technique Leader
457411,Xudong,Peck,Senior Engineer
457489,Berna,Ranst,Engineer
457611,Indrajit,Krogh,Engineer
457776,Florian,Siepmann,Engineer
457813,Foong,Gargeya,Engineer
457832,Jackson,Zielinski,Senior Engineer
457938,Arch,Picco,Senior Staff
458111,Florian,Tramer,Engineer
458134,Thanasis,Standera,Senior Staff
458191,George,Atchley,Staff
458383,Mabhin,Foote,Engineer
458726,Shahaf,Kitai,Senior Staff
458790,Ramya,Azadmanesh,Engineer
459172,Val,Rissanen,Assistant Engineer
459356,Pramod,Wendorf,Engineer
459429,Mohit,Verhaegen,Senior Staff
459685,Hirochika,Goldhammer,Engineer
460131,Adly,Hambrick,Staff
460691,Munehiko,Gihr,Senior Staff
460707,Yoshinari,Lanteri,Engineer
460920,Remzi,Mitzlaff,Senior Staff
461120,Shietung,Gelosh,Engineer
461270,Mrinalini,Mawatari,Staff
461801,Sumali,Cooman,Senior Staff
462493,Paloma,Gerlach,Engineer
462795,Somnath,Cummings,Senior Staff
463023,Itzchak,Penn,Staff
463099,Jinxi,Schmiedel,Senior Staff
463212,Ramya,Rossi,Senior Engineer
463472,Jaber,Sethi,Technique Leader
463495,Alenka,Barriga,Senior Staff
464284,Huiqun,Henders,Senior Staff
464303,Abdelghani,Nyrup,Senior Staff
465062,Stafford,Gist,Engineer
465076,Tokuyasu,Ghelli,Engineer
465085,Vidar,Gunderson,Senior Staff
465409,Shahid,Varman,Senior Staff
465501,Mrinalini,Gire,Senior Staff
465711,Lakshmi,Frijda,Engineer
465853,Kwan,Kampfer,Staff
465874,Herb,Picht,Assistant Engineer
466064,Temple,Danlos,Senior Staff
466367,Hiroyasu,Strandh,Senior Staff
466509,Bezalel,Verhoeff,Engineer
466603,Yechezkel,Nourani,Senior Staff
466745,Boalin,Birsak,Senior Staff
467176,Przemyslawa,Borovoy,Senior Staff
467269,Nahum,Lambe,Technique Leader
467392,Mariusz,Rikino,Engineer
467441,Margareta,Bondorf,Engineer
467591,Kiyotoshi,Hennebert,Staff
467886,Sivanarayana,Chandrasekhar,Senior Staff
467918,Tsuneo,Skrikant,Staff
468360,Huei,Saoudi,Technique Leader
468417,Kamakshi,Huhdanpaa,Engineer
468659,Ranga,Lemarechal,Engineer
468773,Baziley,Brookner,Engineer
469104,Nadjib,Comellas,Engineer
469253,Baruch,Basawa,Engineer
469269,Weiyi,Codenie,Engineer
469366,Aiman,Wilfing,Engineer
469399,Hongzhu,Ruemmler,Engineer
469527,Halsur,Ibel,Staff
469529,Neven,Rikino,Engineer
469735,Arif,Stranks,Senior Engineer
469867,Hein,Jonsson,Senior Staff
470456,Reuven,Oehlmann,Senior Staff
470472,Zhiguo,Staudhammer,Engineer
471397,Nigel,Zirintsis,Engineer
471532,Feiyu,Decleir,Technique Leader
471552,Basem,Lortz,Staff
471911,Arun,Zaccaria,Assistant Engineer
471939,Kazuhiko,Marshall,Staff
472052,Godehard,Chinal,Assistant Engineer
472143,Yahiko,Sommen,Senior Staff
472238,Jungsoon,Gubsky,Senior Engineer
472790,Zhenbing,Ibel,Senior Engineer
472950,Weidon,Fordan,Senior Engineer
473268,Hugo,Sgarro,Senior Staff
473299,Khaled,Penn,Senior Staff
473490,Pantung,Reeker,Senior Staff
473940,Avishai,Majewski,Engineer
474331,Sugwoo,Eugenio,Senior Staff
474763,Mayuko,Clouatre,Engineer
474796,Zongyan,Shackel,Technique Leader
475087,Genevieve,Snedden,Senior Engineer
475258,Fumiyo,Feinberg,Senior Staff
475538,Christophe,Leaver,Staff
475938,Shigeaki,Lanteri,Engineer
475965,Rimon,Pietracaprina,Engineer
476055,Girolamo,Schlumberger,Senior Staff
476122,Khun,Spieker,Engineer
476327,Reinhold,Binkley,Engineer
476361,Doohun,Preusig,Technique Leader
477350,Terresa,Vigier,Staff
477578,Marit,Paludetto,Engineer
477969,Bluma,Mundy,Engineer
478007,Fumino,Narahara,Engineer
478170,Doowon,Schoegge,Assistant Engineer
478218,Djenana,Erol,Engineer
478439,Yuichiro,Bale,Technique Leader
478768,Arun,Katzenelson,Engineer
478799,Shaw,Borovoy,Senior Staff
478833,Pradeep,Valiente,Engineer
478858,Hidekazu,Perna,Staff
479024,Ewing,Kalorkoti,Engineer
479407,Randi,Tomescu,Assistant Engineer
479601,Kayoko,Bahi,Staff
479695,Masamitsu,Murrill,Senior Staff
480035,Sukumar,Georg,Senior Staff
480066,Suebskul,Menhardt,Engineer
480178,Uinam,Rahier,Senior Staff
480268,Gaurav,Cheshire,Technique Leader
480407,Deniz,Bennis,Engineer
481050,Weiru,Burnard,Senior Staff
481213,Shigehiro,Haldar,Senior Staff
481397,Luisa,Chelton,Assistant Engineer
481764,Teiji,Marrakchi,Senior Engineer
481790,Haldun,Erie,Senior Engineer
482335,Kwangyoen,Peck,Engineer
482354,Jayson,Zockler,Staff
482755,Jouni,Conia,Senior Staff
482885,Shaunak,Brizzi,Assistant Engineer
482905,Aral,Hebden,Senior Staff
482944,Duke,Journel,Senior Staff
483401,Rosita,Pokrovskii,Senior Staff
483675,Hausi,Kamber,Engineer
483825,Marek,Mitchem,Senior Engineer
483838,Sham,Kavanagh,Assistant Engineer
483978,Dung,Tanemo,Senior Staff
484126,Manton,Lueh,Senior Staff
484142,Perry,Cooman,Senior Staff
484498,Herbert,Hammerschmidt,Engineer
484756,Phule,Ruemmler,Engineer
485253,Gladys,Parhami,Senior Staff
485489,Keiichiro,Armand,Assistant Engineer
485577,Rafael,Menhoudj,Senior Engineer
485579,Munehiro,Iwayama,Engineer
485799,Yoshimitsu,Litvinov,Senior Staff
485817,Mahmut,Bolotov,Engineer
486068,Yefim,Bernardeschi,Senior Staff
486808,Geoffrey,Siochi,Senior Engineer
486918,Yagil,Remmers,Senior Staff
486956,Matt,Ruemmler,Engineer
486958,Tonny,Kropf,Engineer
487008,Zhigen,Raney,Senior Staff
487505,Uno,Jayawardene,Senior Staff
487988,Ekawit,Schaft,Senior Staff
488095,Francoise,Hegner,Senior Staff
488142,Denis,Narlikar,Senior Staff
488482,Kensyu,Tsunoo,Engineer
488540,Breannda,Maquelin,Senior Staff
488619,Georgy,Bennis,Engineer
488693,Jiong,Zultner,Senior Engineer
488707,Mihalis,Remmers,Senior Staff
488752,Nimmagadda,Baja,Senior Staff
488788,Wuxu,Garigliano,Senior Staff
488984,Kendra,Junet,Senior Staff
489755,Matk,Chorvat,Senior Staff
489756,Kersti,Miculan,Senior Staff
489928,Satoru,Janetzko,Assistant Engineer
490551,Lalit,Lindqvist,Engineer
490557,Luise,Vigier,Engineer
490568,Zita,Reistad,Senior Engineer
490720,Younwoo,Samarati,Senior Engineer
491079,Kwangsub,Keirsey,Senior Engineer
491162,Panayotis,Hempstead,Senior Engineer
491478,Gill,Varman,Senior Staff
491596,Charmane,Pargas,Engineer
491632,Gadiel,Perly,Senior Staff
492000,Valeska,Cools,Senior Staff
492052,Udo,Ratnakar,Staff
492217,Heekeun,Verhaegen,Senior Engineer
492639,Sanjoy,Porenta,Engineer
492677,Goetz,McAffer,Engineer
493031,Hironoby,Jakobus,Senior Staff
493048,Muzhong,Berztiss,Senior Staff
493096,Sachem,Msuda,Engineer
493744,Leni,Kropatsch,Senior Engineer
494019,Morrie,Iisaku,Senior Staff
494088,Phule,Dahlbom,Engineer
494493,Masasuke,Koprowski,Staff
494995,Yongmao,Pouyioutas,Senior Staff
496100,Pranjal,Reinhard,Staff
496970,Giordano,Maquelin,Senior Engineer
496978,Danco,Debuse,Senior Staff
497007,Oldrich,Adachi,Engineer
497174,Sanjiv,Bressoud,Engineer
497340,Fayez,Keohane,Senior Staff
497391,Paris,Lieblein,Engineer
497835,Shuho,Laurillard,Technique Leader
498185,Caolyn,Marciano,Senior Engineer
498337,Naraig,Docker,Staff
498456,Geraldo,Gerteisen,Senior Staff
498635,Florian,Pezzoli,Senior Staff
498838,Sanjay,Ciolek,Senior Staff
498845,Arumugam,Pelc,Senior Engineer
498955,Nechama,Kandlur,Engineer
499194,Padma,Delgrange,Senior Staff
499260,Danae,Honglei,Engineer
499495,Baoqiu,Kakkar,Engineer
